{
	"info": {
		"_postman_id": "b19c2972-21a2-4572-a0b9-d82ca8299b42",
		"name": "Backend",
		"schema": "https://schema.getpostman.com/json/collection/v2.1.0/collection.json",
		"_exporter_id": "39277920"
	},
	"item": [
		{
			"name": "GetPlayers",
			"request": {
				"method": "GET",
				"header": [],
				"url": {
					"raw": "http://localhost:8080/api/v1/players",
					"protocol": "http",
					"host": [
						"localhost"
					],
					"port": "8080",
					"path": [
						"api",
						"v1",
						"players"
					]
				}
			},
			"response": []
		},
		{
			"name": "GetMatches",
			"request": {
				"method": "GET",
				"header": [],
				"url": {
					"raw": "http://localhost:8080/api/v2/matches",
					"protocol": "http",
					"host": [
						"localhost"
					],
					"port": "8080",
					"path": [
						"api",
						"v2",
						"matches"
					]
				}
			},
			"response": []
		},
		{
			"name": "GetRegister",
			"request": {
				"method": "GET",
				"header": [],
				"url": {
					"raw": "http://localhost:8080/api/v6/register",
					"protocol": "http",
					"host": [
						"localhost"
					],
					"port": "8080",
					"path": [
						"api",
						"v6",
						"register"
					]
				}
			},
			"response": []
		},
		{
			"name": "GetTeams",
			"request": {
				"method": "GET",
				"header": [],
				"url": {
					"raw": "http://localhost:8080/api/v4/teams",
					"protocol": "http",
					"host": [
						"localhost"
					],
					"port": "8080",
					"path": [
						"api",
						"v4",
						"teams"
					]
				}
			},
			"response": []
		},
		{
			"name": "GetTickets",
			"request": {
				"method": "GET",
				"header": [],
				"url": {
					"raw": "http://localhost:8080/api/v5/tickets",
					"protocol": "http",
					"host": [
						"localhost"
					],
					"port": "8080",
					"path": [
						"api",
						"v5",
						"tickets"
					]
				}
			},
			"response": []
		},
		{
			"name": "GetTournaments",
			"request": {
				"method": "GET",
				"header": [],
				"url": {
					"raw": "http://localhost:8080/api/v3/tournaments",
					"protocol": "http",
					"host": [
						"localhost"
					],
					"port": "8080",
					"path": [
						"api",
						"v3",
						"tournaments"
					]
				}
			},
			"response": []
		}
	]
}