{
  "hash": "7abe174b",
  "configHash": "ff9d0327",
  "lockfileHash": "e93db1aa",
  "browserHash": "de04f892",
  "optimized": {
    "@angular/common": {
      "src": "../../../../../../node_modules/@angular/common/fesm2022/common.mjs",
      "file": "@angular_common.js",
      "fileHash": "a43ae0ad",
      "needsInterop": false
    },
    "@angular/common/http": {
      "src": "../../../../../../node_modules/@angular/common/fesm2022/http.mjs",
      "file": "@angular_common_http.js",
      "fileHash": "ec000683",
      "needsInterop": false
    },
    "@angular/core": {
      "src": "../../../../../../node_modules/@angular/core/fesm2022/core.mjs",
      "file": "@angular_core.js",
      "fileHash": "6acc93e5",
      "needsInterop": false
    },
    "@angular/forms": {
      "src": "../../../../../../node_modules/@angular/forms/fesm2022/forms.mjs",
      "file": "@angular_forms.js",
      "fileHash": "1209b813",
      "needsInterop": false
    },
    "@angular/platform-browser": {
      "src": "../../../../../../node_modules/@angular/platform-browser/fesm2022/platform-browser.mjs",
      "file": "@angular_platform-browser.js",
      "fileHash": "c79e58a4",
      "needsInterop": false
    },
    "@angular/router": {
      "src": "../../../../../../node_modules/@angular/router/fesm2022/router.mjs",
      "file": "@angular_router.js",
      "fileHash": "e89b4678",
      "needsInterop": false
    }
  },
  "chunks": {
    "chunk-TVQZRLIR": {
      "file": "chunk-TVQZRLIR.js"
    },
    "chunk-NZDNKXNC": {
      "file": "chunk-NZDNKXNC.js"
    },
    "chunk-LC63JU7F": {
      "file": "chunk-LC63JU7F.js"
    },
    "chunk-SXHOZHTL": {
      "file": "chunk-SXHOZHTL.js"
    }
  }
}